onset	duration	sample	type	value
36.1825963559309	0	18092	block:start	block:start;currentBlockNr:1;condition:vibro;training:false
38.5266349900114	0	19264	box:spawned	box:spawned;condition:vibro;trial_nr:1;normal_or_conflict:normal;cube:CubeRight (UnityEngine.GameObject);isiTime:1.560685
39.4306498898445	0	19716	box:touched	box:touched;condition:vibro;vibroFeedback:on;reaction_time:0.8949935;trial_nr:1;normal_or_conflict:normal;cube:CubeRight (UnityEngine.GameObject);isiTime:1.560685;vibro_duration:0.1
39.434649955773	0	19718	box:touched	box:touched;condition:vibro;emsFeedback:on;reaction_time:0.8949935;trial_nr:1;normal_or_conflict:normal;cube:CubeRight (UnityEngine.GameObject);isiTime:1.560685;emsCurrent:12;emsWidth:200;pulseCount:14
39.5306515380561	0	19766	vibroFeedback:off	vibroFeedback:off;vibroFeedbackDuration:0.1039482
41.920690930314	0	20961	Markers	visualFeedback:off
42.926707511323	0	21464	box:spawned	box:spawned;condition:vibro;trial_nr:2;normal_or_conflict:normal;cube:CubeMiddle (UnityEngine.GameObject);isiTime:1.000268
43.6967202025525	0	21849	box:touched	box:touched;condition:vibro;vibroFeedback:on;reaction_time:0.7596159;trial_nr:2;normal_or_conflict:normal;cube:CubeMiddle (UnityEngine.GameObject);isiTime:1.000268;vibro_duration:0.1
43.700720268481	0	21851	box:touched	box:touched;condition:vibro;emsFeedback:on;reaction_time:0.7596159;trial_nr:2;normal_or_conflict:normal;cube:CubeMiddle (UnityEngine.GameObject);isiTime:1.000268;emsCurrent:12;emsWidth:200;pulseCount:14
43.7967218507641	0	21899	vibroFeedback:off	vibroFeedback:off;vibroFeedbackDuration:0.100589
46.186761243022	0	23094	Markers	visualFeedback:off
47.8087879770146	0	23905	box:spawned	box:spawned;condition:vibro;trial_nr:3;normal_or_conflict:normal;cube:CubeMiddle (UnityEngine.GameObject);isiTime:1.613245
48.620801360493	0	24311	box:touched	box:touched;condition:vibro;vibroFeedback:on;reaction_time:0.8035302;trial_nr:3;normal_or_conflict:normal;cube:CubeMiddle (UnityEngine.GameObject);isiTime:1.613245;vibro_duration:0.1
48.6268014593857	0	24314	box:touched	box:touched;condition:vibro;emsFeedback:on;reaction_time:0.8035302;trial_nr:3;normal_or_conflict:normal;cube:CubeMiddle (UnityEngine.GameObject);isiTime:1.613245;emsCurrent:12;emsWidth:200;pulseCount:14
48.7228030416689	0	24362	vibroFeedback:off	vibroFeedback:off;vibroFeedbackDuration:0.1007076
51.1128424339268	0	25557	Markers	visualFeedback:off
52.2528612235393	0	26127	box:spawned	box:spawned;condition:vibro;trial_nr:4;normal_or_conflict:normal;cube:CubeLeft (UnityEngine.GameObject);isiTime:1.12971
52.9888733543769	0	26495	box:touched	box:touched;condition:vibro;vibroFeedback:on;reaction_time:0.7258968;trial_nr:4;normal_or_conflict:normal;cube:CubeLeft (UnityEngine.GameObject);isiTime:1.12971;vibro_duration:0.1
52.9928734203053	0	26497	box:touched	box:touched;condition:vibro;emsFeedback:on;reaction_time:0.7258968;trial_nr:4;normal_or_conflict:normal;cube:CubeLeft (UnityEngine.GameObject);isiTime:1.12971;emsCurrent:12;emsWidth:200;pulseCount:14
53.0908750355527	0	26546	vibroFeedback:off	vibroFeedback:off;vibroFeedbackDuration:0.1001517
55.4809144278106	0	27741	Markers	visualFeedback:off
56.8209365138464	0	28411	box:spawned	box:spawned;condition:vibro;trial_nr:5;normal_or_conflict:normal;cube:CubeLeft (UnityEngine.GameObject);isiTime:1.333669
57.556948644684	0	28779	box:touched	box:touched;condition:vibro;vibroFeedback:on;reaction_time:0.7261431;trial_nr:5;normal_or_conflict:normal;cube:CubeLeft (UnityEngine.GameObject);isiTime:1.333669;vibro_duration:0.1
57.5609487106125	0	28781	box:touched	box:touched;condition:vibro;emsFeedback:on;reaction_time:0.7261431;trial_nr:5;normal_or_conflict:normal;cube:CubeLeft (UnityEngine.GameObject);isiTime:1.333669;emsCurrent:12;emsWidth:200;pulseCount:14
57.6609503588241	0	28831	vibroFeedback:off	vibroFeedback:off;vibroFeedbackDuration:0.1044429
60.0489897181177	0	30025	Markers	visualFeedback:off
61.367011441547	0	30684	box:spawned	box:spawned;condition:vibro;trial_nr:6;normal_or_conflict:conflict;cube:CubeMiddle (UnityEngine.GameObject);isiTime:1.310617
61.857019517784	0	30929	box:touched	box:touched;condition:vibro;vibroFeedback:on;reaction_time:0.4822092;trial_nr:6;normal_or_conflict:conflict;cube:CubeMiddle (UnityEngine.GameObject);isiTime:1.310617;vibro_duration:0.1
61.8630196166767	0	30932	box:touched	box:touched;condition:vibro;emsFeedback:on;reaction_time:0.4822092;trial_nr:6;normal_or_conflict:conflict;cube:CubeMiddle (UnityEngine.GameObject);isiTime:1.310617;emsCurrent:12;emsWidth:200;pulseCount:14
61.969021363781	0	30985	vibroFeedback:off	vibroFeedback:off;vibroFeedbackDuration:0.1097379
64.3510606241819	0	32176	Markers	visualFeedback:off
65.8690856440344	0	32935	box:spawned	box:spawned;condition:vibro;trial_nr:7;normal_or_conflict:normal;cube:CubeMiddle (UnityEngine.GameObject);isiTime:1.510526
66.493095928875	0	33247	box:touched	box:touched;condition:vibro;vibroFeedback:on;reaction_time:0.615026;trial_nr:7;normal_or_conflict:normal;cube:CubeMiddle (UnityEngine.GameObject);isiTime:1.510526;vibro_duration:0.1
66.4970959948034	0	33249	box:touched	box:touched;condition:vibro;emsFeedback:on;reaction_time:0.615026;trial_nr:7;normal_or_conflict:normal;cube:CubeMiddle (UnityEngine.GameObject);isiTime:1.510526;emsCurrent:12;emsWidth:200;pulseCount:14
66.5930975770866	0	33297	vibroFeedback:off	vibroFeedback:off;vibroFeedbackDuration:0.1008265
68.9851370023087	0	34493	Markers	visualFeedback:off
70.9391692083639	0	35470	box:spawned	box:spawned;condition:vibro;trial_nr:8;normal_or_conflict:conflict;cube:CubeRight (UnityEngine.GameObject);isiTime:1.951481
71.5171787350271	0	35759	box:touched	box:touched;condition:vibro;vibroFeedback:on;reaction_time:0.569334;trial_nr:8;normal_or_conflict:conflict;cube:CubeRight (UnityEngine.GameObject);isiTime:1.951481;vibro_duration:0.1
71.5231788339198	0	35762	box:touched	box:touched;condition:vibro;emsFeedback:on;reaction_time:0.569334;trial_nr:8;normal_or_conflict:conflict;cube:CubeRight (UnityEngine.GameObject);isiTime:1.951481;emsCurrent:12;emsWidth:200;pulseCount:14
71.6211804491672	0	35811	vibroFeedback:off	vibroFeedback:off;vibroFeedbackDuration:0.1002449
74.0112198414251	0	37006	Markers	visualFeedback:off
76.3572585084699	0	38179	box:spawned	box:spawned;condition:vibro;trial_nr:9;normal_or_conflict:normal;cube:CubeLeft (UnityEngine.GameObject);isiTime:1.780849
77.0592700789155	0	38530	box:touched	box:touched;condition:vibro;vibroFeedback:on;reaction_time:0.6917799;trial_nr:9;normal_or_conflict:normal;cube:CubeLeft (UnityEngine.GameObject);isiTime:1.780849;vibro_duration:0.1
77.0632701448439	0	38532	box:touched	box:touched;condition:vibro;emsFeedback:on;reaction_time:0.6917799;trial_nr:9;normal_or_conflict:normal;cube:CubeLeft (UnityEngine.GameObject);isiTime:1.780849;emsCurrent:12;emsWidth:200;pulseCount:14
77.1612717600913	0	38581	vibroFeedback:off	vibroFeedback:off;vibroFeedbackDuration:0.1016399
79.5513111523492	0	39776	Markers	visualFeedback:off
80.8233321176011	0	40412	box:spawned	box:spawned;condition:vibro;trial_nr:10;normal_or_conflict:normal;cube:CubeMiddle (UnityEngine.GameObject);isiTime:1.26556
81.6153451714372	0	40808	box:touched	box:touched;condition:vibro;vibroFeedback:on;reaction_time:0.7814789;trial_nr:10;normal_or_conflict:normal;cube:CubeMiddle (UnityEngine.GameObject);isiTime:1.26556;vibro_duration:0.1
81.6193452373657	0	40810	box:touched	box:touched;condition:vibro;emsFeedback:on;reaction_time:0.7814789;trial_nr:10;normal_or_conflict:normal;cube:CubeMiddle (UnityEngine.GameObject);isiTime:1.26556;emsCurrent:12;emsWidth:200;pulseCount:14
81.7193468855773	0	40860	vibroFeedback:off	vibroFeedback:off;vibroFeedbackDuration:0.1009707
84.107386244871	0	42054	Markers	visualFeedback:off
85.303405957482	0	42652	box:spawned	box:spawned;condition:vibro;trial_nr:11;normal_or_conflict:conflict;cube:CubeLeft (UnityEngine.GameObject);isiTime:1.192854
85.8494149567175	0	42925	box:touched	box:touched;condition:vibro;vibroFeedback:on;reaction_time:0.5357618;trial_nr:11;normal_or_conflict:conflict;cube:CubeLeft (UnityEngine.GameObject);isiTime:1.192854;vibro_duration:0.1
85.8554150556102	0	42928	box:touched	box:touched;condition:vibro;emsFeedback:on;reaction_time:0.5357618;trial_nr:11;normal_or_conflict:conflict;cube:CubeLeft (UnityEngine.GameObject);isiTime:1.192854;emsCurrent:12;emsWidth:200;pulseCount:14
85.9514166378933	0	42976	vibroFeedback:off	vibroFeedback:off;vibroFeedbackDuration:0.1003255
88.3414560301512	0	44171	Markers	visualFeedback:off
89.5034751823703	0	44752	box:spawned	box:spawned;condition:vibro;trial_nr:12;normal_or_conflict:normal;cube:CubeRight (UnityEngine.GameObject);isiTime:1.152219
90.1494858298175	0	45075	box:touched	box:touched;condition:vibro;vibroFeedback:on;reaction_time:0.6372447;trial_nr:12;normal_or_conflict:normal;cube:CubeRight (UnityEngine.GameObject);isiTime:1.152219;vibro_duration:0.1
90.1534858957459	0	45077	box:touched	box:touched;condition:vibro;emsFeedback:on;reaction_time:0.6372447;trial_nr:12;normal_or_conflict:normal;cube:CubeRight (UnityEngine.GameObject);isiTime:1.152219;emsCurrent:12;emsWidth:200;pulseCount:14
90.2614876758145	0	45131	vibroFeedback:off	vibroFeedback:off;vibroFeedbackDuration:0.1115868
92.6415269032512	0	46321	Markers	visualFeedback:off
93.6795440116879	0	46840	box:spawned	box:spawned;condition:vibro;trial_nr:13;normal_or_conflict:normal;cube:CubeLeft (UnityEngine.GameObject);isiTime:1.033986
94.3815555821335	0	47191	box:touched	box:touched;condition:vibro;vibroFeedback:on;reaction_time:0.6920767;trial_nr:13;normal_or_conflict:normal;cube:CubeLeft (UnityEngine.GameObject);isiTime:1.033986;vibro_duration:0.1
94.3875556810262	0	47194	box:touched	box:touched;condition:vibro;emsFeedback:on;reaction_time:0.6920767;trial_nr:13;normal_or_conflict:normal;cube:CubeLeft (UnityEngine.GameObject);isiTime:1.033986;emsCurrent:12;emsWidth:200;pulseCount:14
94.4835572633094	0	47242	vibroFeedback:off	vibroFeedback:off;vibroFeedbackDuration:0.1005306
96.8735966555672	0	48437	Markers	visualFeedback:off
98.1696180163899	0	49085	box:spawned	box:spawned;condition:vibro;trial_nr:14;normal_or_conflict:normal;cube:CubeRight (UnityEngine.GameObject);isiTime:1.294004
98.815628663837	0	49408	box:touched	box:touched;condition:vibro;vibroFeedback:on;reaction_time:0.6378365;trial_nr:14;normal_or_conflict:normal;cube:CubeRight (UnityEngine.GameObject);isiTime:1.294004;vibro_duration:0.1
98.8216287627297	0	49411	box:touched	box:touched;condition:vibro;emsFeedback:on;reaction_time:0.6378365;trial_nr:14;normal_or_conflict:normal;cube:CubeRight (UnityEngine.GameObject);isiTime:1.294004;emsCurrent:12;emsWidth:200;pulseCount:14
98.9316305757625	0	49466	vibroFeedback:off	vibroFeedback:off;vibroFeedbackDuration:0.1104913
101.309669770235	0	50655	Markers	visualFeedback:off
103.127699734722	0	51564	box:spawned	box:spawned;condition:vibro;trial_nr:15;normal_or_conflict:normal;cube:CubeRight (UnityEngine.GameObject);isiTime:1.188209
103.819711140347	0	51910	box:touched	box:touched;condition:vibro;vibroFeedback:on;reaction_time:0.6819878;trial_nr:15;normal_or_conflict:normal;cube:CubeRight (UnityEngine.GameObject);isiTime:1.188209;vibro_duration:0.1
103.82571123924	0	51913	box:touched	box:touched;condition:vibro;emsFeedback:on;reaction_time:0.6819878;trial_nr:15;normal_or_conflict:normal;cube:CubeRight (UnityEngine.GameObject);isiTime:1.188209;emsCurrent:12;emsWidth:200;pulseCount:14
103.921712821523	0	51961	vibroFeedback:off	vibroFeedback:off;vibroFeedbackDuration:0.10083
106.313752246745	0	53157	Markers	visualFeedback:off
107.887778189596	0	53944	box:spawned	box:spawned;condition:vibro;trial_nr:16;normal_or_conflict:conflict;cube:CubeLeft (UnityEngine.GameObject);isiTime:1.113243
108.433787188831	0	54217	box:touched	box:touched;condition:vibro;vibroFeedback:on;reaction_time:0.5359211;trial_nr:16;normal_or_conflict:conflict;cube:CubeLeft (UnityEngine.GameObject);isiTime:1.113243;vibro_duration:0.1
108.43778725476	0	54219	box:touched	box:touched;condition:vibro;emsFeedback:on;reaction_time:0.5359211;trial_nr:16;normal_or_conflict:conflict;cube:CubeLeft (UnityEngine.GameObject);isiTime:1.113243;emsCurrent:12;emsWidth:200;pulseCount:14
108.533788837043	0	54267	vibroFeedback:off	vibroFeedback:off;vibroFeedbackDuration:0.1016988
110.925828262265	0	55463	Markers	visualFeedback:off
112.387852359119	0	56194	box:spawned	box:spawned;condition:vibro;trial_nr:17;normal_or_conflict:normal;cube:CubeLeft (UnityEngine.GameObject);isiTime:1.455892
113.079863764743	0	56540	box:touched	box:touched;condition:vibro;vibroFeedback:on;reaction_time:0.6813428;trial_nr:17;normal_or_conflict:normal;cube:CubeLeft (UnityEngine.GameObject);isiTime:1.455892;vibro_duration:0.1
113.083863830672	0	56542	box:touched	box:touched;condition:vibro;emsFeedback:on;reaction_time:0.6813428;trial_nr:17;normal_or_conflict:normal;cube:CubeLeft (UnityEngine.GameObject);isiTime:1.455892;emsCurrent:12;emsWidth:200;pulseCount:14
113.183865478884	0	56592	vibroFeedback:off	vibroFeedback:off;vibroFeedbackDuration:0.103998
115.571904838177	0	57786	Markers	visualFeedback:off
117.291933187417	0	58646	box:spawned	box:spawned;condition:vibro;trial_nr:18;normal_or_conflict:normal;cube:CubeRight (UnityEngine.GameObject);isiTime:1.717467
117.971944395256	0	58986	box:touched	box:touched;condition:vibro;vibroFeedback:on;reaction_time:0.6696942;trial_nr:18;normal_or_conflict:normal;cube:CubeRight (UnityEngine.GameObject);isiTime:1.717467;vibro_duration:0.1
117.977944494149	0	58989	box:touched	box:touched;condition:vibro;emsFeedback:on;reaction_time:0.6696942;trial_nr:18;normal_or_conflict:normal;cube:CubeRight (UnityEngine.GameObject);isiTime:1.717467;emsCurrent:12;emsWidth:200;pulseCount:14
118.073946076432	0	59037	vibroFeedback:off	vibroFeedback:off;vibroFeedbackDuration:0.1011947
120.46398546869	0	60232	Markers	visualFeedback:off
121.838008115118	0	60919	box:spawned	box:spawned;condition:vibro;trial_nr:19;normal_or_conflict:normal;cube:CubeRight (UnityEngine.GameObject);isiTime:1.365835
122.596020608562	0	61298	box:touched	box:touched;condition:vibro;vibroFeedback:on;reaction_time:0.7485321;trial_nr:19;normal_or_conflict:normal;cube:CubeRight (UnityEngine.GameObject);isiTime:1.365835;vibro_duration:0.1
122.602020707455	0	61301	box:touched	box:touched;condition:vibro;emsFeedback:on;reaction_time:0.7485321;trial_nr:19;normal_or_conflict:normal;cube:CubeRight (UnityEngine.GameObject);isiTime:1.365835;emsCurrent:12;emsWidth:200;pulseCount:14
122.698022289738	0	61349	vibroFeedback:off	vibroFeedback:off;vibroFeedbackDuration:0.1004895
125.09006171496	0	62545	Markers	visualFeedback:off
126.238080636429	0	63119	box:spawned	box:spawned;condition:vibro;trial_nr:20;normal_or_conflict:conflict;cube:CubeMiddle (UnityEngine.GameObject);isiTime:1.147217
126.806089998271	0	63403	box:touched	box:touched;condition:vibro;vibroFeedback:on;reaction_time:0.5590396;trial_nr:20;normal_or_conflict:conflict;cube:CubeMiddle (UnityEngine.GameObject);isiTime:1.147217;vibro_duration:0.1
126.812090097164	0	63406	box:touched	box:touched;condition:vibro;emsFeedback:on;reaction_time:0.5590396;trial_nr:20;normal_or_conflict:conflict;cube:CubeMiddle (UnityEngine.GameObject);isiTime:1.147217;emsCurrent:12;emsWidth:200;pulseCount:14
126.910091712411	0	63455	vibroFeedback:off	vibroFeedback:off;vibroFeedbackDuration:0.1003228
129.298131071705	0	64649	Markers	visualFeedback:off
130.964158530911	0	65482	box:spawned	box:spawned;condition:vibro;trial_nr:21;normal_or_conflict:normal;cube:CubeLeft (UnityEngine.GameObject);isiTime:1.658153
131.71017082657	0	65855	box:touched	box:touched;condition:vibro;vibroFeedback:on;reaction_time:0.7373662;trial_nr:21;normal_or_conflict:normal;cube:CubeLeft (UnityEngine.GameObject);isiTime:1.658153;vibro_duration:0.1
131.716170925462	0	65858	box:touched	box:touched;condition:vibro;emsFeedback:on;reaction_time:0.7373662;trial_nr:21;normal_or_conflict:normal;cube:CubeLeft (UnityEngine.GameObject);isiTime:1.658153;emsCurrent:12;emsWidth:200;pulseCount:14
131.812172507745	0	65906	vibroFeedback:off	vibroFeedback:off;vibroFeedbackDuration:0.1004373
134.202211900003	0	67101	Markers	visualFeedback:off
135.274229568832	0	67637	box:spawned	box:spawned;condition:vibro;trial_nr:22;normal_or_conflict:normal;cube:CubeRight (UnityEngine.GameObject);isiTime:1.070554
135.932240414064	0	67966	box:touched	box:touched;condition:vibro;vibroFeedback:on;reaction_time:0.6477051;trial_nr:22;normal_or_conflict:normal;cube:CubeRight (UnityEngine.GameObject);isiTime:1.070554;vibro_duration:0.1
135.936240479993	0	67968	box:touched	box:touched;condition:vibro;emsFeedback:on;reaction_time:0.6477051;trial_nr:22;normal_or_conflict:normal;cube:CubeRight (UnityEngine.GameObject);isiTime:1.070554;emsCurrent:12;emsWidth:200;pulseCount:14
136.03424209524	0	68017	vibroFeedback:off	vibroFeedback:off;vibroFeedbackDuration:0.1001967
138.424281487498	0	69212	Markers	visualFeedback:off
139.596300804538	0	69798	box:spawned	box:spawned;condition:vibro;trial_nr:23;normal_or_conflict:normal;cube:CubeRight (UnityEngine.GameObject);isiTime:1.16733
140.176310364166	0	70088	box:touched	box:touched;condition:vibro;vibroFeedback:on;reaction_time:0.5700598;trial_nr:23;normal_or_conflict:normal;cube:CubeRight (UnityEngine.GameObject);isiTime:1.16733;vibro_duration:0.1
140.182310463059	0	70091	box:touched	box:touched;condition:vibro;emsFeedback:on;reaction_time:0.5700598;trial_nr:23;normal_or_conflict:normal;cube:CubeRight (UnityEngine.GameObject);isiTime:1.16733;emsCurrent:12;emsWidth:200;pulseCount:14
140.290312243127	0	70145	vibroFeedback:off	vibroFeedback:off;vibroFeedbackDuration:0.1110708
142.6683514376	0	71334	Markers	visualFeedback:off
144.612383478834	0	72306	box:spawned	box:spawned;condition:vibro;trial_nr:24;normal_or_conflict:normal;cube:CubeMiddle (UnityEngine.GameObject);isiTime:1.488887
145.774402631053	0	72887	box:touched	box:touched;condition:vibro;vibroFeedback:on;reaction_time:1.152371;trial_nr:24;normal_or_conflict:normal;cube:CubeMiddle (UnityEngine.GameObject);isiTime:1.488887;vibro_duration:0.1
145.778402696981	0	72889	box:touched	box:touched;condition:vibro;emsFeedback:on;reaction_time:1.152371;trial_nr:24;normal_or_conflict:normal;cube:CubeMiddle (UnityEngine.GameObject);isiTime:1.488887;emsCurrent:12;emsWidth:200;pulseCount:14
145.876404312229	0	72938	vibroFeedback:off	vibroFeedback:off;vibroFeedbackDuration:0.10234
148.264443671522	0	74132	Markers	visualFeedback:off
150.264476635755	0	75132	box:spawned	box:spawned;condition:vibro;trial_nr:25;normal_or_conflict:normal;cube:CubeRight (UnityEngine.GameObject);isiTime:1.998581
150.932487645809	0	75466	box:touched	box:touched;condition:vibro;vibroFeedback:on;reaction_time:0.6593549;trial_nr:25;normal_or_conflict:normal;cube:CubeRight (UnityEngine.GameObject);isiTime:1.998581;vibro_duration:0.1
150.938487744701	0	75469	box:touched	box:touched;condition:vibro;emsFeedback:on;reaction_time:0.6593549;trial_nr:25;normal_or_conflict:normal;cube:CubeRight (UnityEngine.GameObject);isiTime:1.998581;emsCurrent:12;emsWidth:200;pulseCount:14
151.038489392913	0	75519	vibroFeedback:off	vibroFeedback:off;vibroFeedbackDuration:0.1003042
153.424528719242	0	76712	Markers	visualFeedback:off
154.910553211667	0	77455	box:spawned	box:spawned;condition:vibro;trial_nr:26;normal_or_conflict:conflict;cube:CubeMiddle (UnityEngine.GameObject);isiTime:1.478037
155.434561848296	0	77717	box:touched	box:touched;condition:vibro;vibroFeedback:on;reaction_time:0.5139341;trial_nr:26;normal_or_conflict:conflict;cube:CubeMiddle (UnityEngine.GameObject);isiTime:1.478037;vibro_duration:0.1
155.438561914224	0	77719	box:touched	box:touched;condition:vibro;emsFeedback:on;reaction_time:0.5139341;trial_nr:26;normal_or_conflict:conflict;cube:CubeMiddle (UnityEngine.GameObject);isiTime:1.478037;emsCurrent:12;emsWidth:200;pulseCount:14
155.538563562436	0	77769	vibroFeedback:off	vibroFeedback:off;vibroFeedbackDuration:0.101135
157.92660292173	0	78963	Markers	visualFeedback:off
159.712632358789	0	79856	box:spawned	box:spawned;condition:vibro;trial_nr:27;normal_or_conflict:normal;cube:CubeMiddle (UnityEngine.GameObject);isiTime:1.776846
160.360643039201	0	80180	box:touched	box:touched;condition:vibro;vibroFeedback:on;reaction_time:0.6364038;trial_nr:27;normal_or_conflict:normal;cube:CubeMiddle (UnityEngine.GameObject);isiTime:1.776846;vibro_duration:0.1
160.366643138093	0	80183	box:touched	box:touched;condition:vibro;emsFeedback:on;reaction_time:0.6364038;trial_nr:27;normal_or_conflict:normal;cube:CubeMiddle (UnityEngine.GameObject);isiTime:1.776846;emsCurrent:12;emsWidth:200;pulseCount:14
160.462644720377	0	80231	vibroFeedback:off	vibroFeedback:off;vibroFeedbackDuration:0.101971
162.852684112634	0	81426	Markers	visualFeedback:off
163.878701023286	0	81939	box:spawned	box:spawned;condition:vibro;trial_nr:28;normal_or_conflict:conflict;cube:CubeRight (UnityEngine.GameObject);isiTime:1.019563
164.458710582913	0	82229	box:touched	box:touched;condition:vibro;vibroFeedback:on;reaction_time:0.5698123;trial_nr:28;normal_or_conflict:conflict;cube:CubeRight (UnityEngine.GameObject);isiTime:1.019563;vibro_duration:0.1
164.462710648842	0	82231	box:touched	box:touched;condition:vibro;emsFeedback:on;reaction_time:0.5698123;trial_nr:28;normal_or_conflict:conflict;cube:CubeRight (UnityEngine.GameObject);isiTime:1.019563;emsCurrent:12;emsWidth:200;pulseCount:14
164.560712264089	0	82280	vibroFeedback:off	vibroFeedback:off;vibroFeedbackDuration:0.1010769
166.952751689311	0	83476	Markers	visualFeedback:off
168.022769325176	0	84011	box:spawned	box:spawned;condition:vibro;trial_nr:29;normal_or_conflict:normal;cube:CubeLeft (UnityEngine.GameObject);isiTime:1.066398
168.7147807308	0	84357	box:touched	box:touched;condition:vibro;vibroFeedback:on;reaction_time:0.6825895;trial_nr:29;normal_or_conflict:normal;cube:CubeLeft (UnityEngine.GameObject);isiTime:1.066398;vibro_duration:0.1
168.718780796728	0	84359	box:touched	box:touched;condition:vibro;emsFeedback:on;reaction_time:0.6825895;trial_nr:29;normal_or_conflict:normal;cube:CubeLeft (UnityEngine.GameObject);isiTime:1.066398;emsCurrent:12;emsWidth:200;pulseCount:14
168.826782576797	0	84413	vibroFeedback:off	vibroFeedback:off;vibroFeedbackDuration:0.1120198
171.206821804234	0	85603	Markers	visualFeedback:off
172.746847186693	0	86373	box:spawned	box:spawned;condition:vibro;trial_nr:30;normal_or_conflict:normal;cube:CubeMiddle (UnityEngine.GameObject);isiTime:1.54057
173.650862086526	0	86825	box:touched	box:touched;condition:vibro;vibroFeedback:on;reaction_time:0.8933032;trial_nr:30;normal_or_conflict:normal;cube:CubeMiddle (UnityEngine.GameObject);isiTime:1.54057;vibro_duration:0.1
173.656862185419	0	86828	box:touched	box:touched;condition:vibro;emsFeedback:on;reaction_time:0.8933032;trial_nr:30;normal_or_conflict:normal;cube:CubeMiddle (UnityEngine.GameObject);isiTime:1.54057;emsCurrent:12;emsWidth:200;pulseCount:14
173.752863767702	0	86876	vibroFeedback:off	vibroFeedback:off;vibroFeedbackDuration:0.1014937
176.14290315996	0	88071	Markers	visualFeedback:off
177.168920070611	0	88584	box:spawned	box:spawned;condition:vibro;trial_nr:31;normal_or_conflict:conflict;cube:CubeLeft (UnityEngine.GameObject);isiTime:1.023214
177.738929465417	0	88869	box:touched	box:touched;condition:vibro;vibroFeedback:on;reaction_time:0.5586634;trial_nr:31;normal_or_conflict:conflict;cube:CubeLeft (UnityEngine.GameObject);isiTime:1.023214;vibro_duration:0.1
177.74492956431	0	88872	box:touched	box:touched;condition:vibro;emsFeedback:on;reaction_time:0.5586634;trial_nr:31;normal_or_conflict:conflict;cube:CubeLeft (UnityEngine.GameObject);isiTime:1.023214;emsCurrent:12;emsWidth:200;pulseCount:14
177.840931146593	0	88920	vibroFeedback:off	vibroFeedback:off;vibroFeedbackDuration:0.1008747
180.232970571815	0	90116	Markers	visualFeedback:off
181.816996679487	0	90908	box:spawned	box:spawned;condition:vibro;trial_nr:32;normal_or_conflict:normal;cube:CubeMiddle (UnityEngine.GameObject);isiTime:1.583797
182.575009172932	0	91287	box:touched	box:touched;condition:vibro;vibroFeedback:on;reaction_time:0.7486663;trial_nr:32;normal_or_conflict:normal;cube:CubeMiddle (UnityEngine.GameObject);isiTime:1.583797;vibro_duration:0.1
182.581009271824	0	91290	box:touched	box:touched;condition:vibro;emsFeedback:on;reaction_time:0.7486663;trial_nr:32;normal_or_conflict:normal;cube:CubeMiddle (UnityEngine.GameObject);isiTime:1.583797;emsCurrent:12;emsWidth:200;pulseCount:14
182.677010854107	0	91338	vibroFeedback:off	vibroFeedback:off;vibroFeedbackDuration:0.1004085
185.067050246365	0	92533	Markers	visualFeedback:off
186.48707365097	0	93243	box:spawned	box:spawned;condition:vibro;trial_nr:33;normal_or_conflict:normal;cube:CubeMiddle (UnityEngine.GameObject);isiTime:1.410685
187.245086144415	0	93622	box:touched	box:touched;condition:vibro;vibroFeedback:on;reaction_time:0.7484047;trial_nr:33;normal_or_conflict:normal;cube:CubeMiddle (UnityEngine.GameObject);isiTime:1.410685;vibro_duration:0.1
187.249086210343	0	93624	box:touched	box:touched;condition:vibro;emsFeedback:on;reaction_time:0.7484047;trial_nr:33;normal_or_conflict:normal;cube:CubeMiddle (UnityEngine.GameObject);isiTime:1.410685;emsCurrent:12;emsWidth:200;pulseCount:14
187.349087858555	0	93674	vibroFeedback:off	vibroFeedback:off;vibroFeedbackDuration:0.1013503
189.737127217848	0	94868	Markers	visualFeedback:off
191.389154446304	0	95694	box:spawned	box:spawned;condition:vibro;trial_nr:34;normal_or_conflict:normal;cube:CubeLeft (UnityEngine.GameObject);isiTime:1.651316
192.113166379356	0	96056	box:touched	box:touched;condition:vibro;vibroFeedback:on;reaction_time:0.7148116;trial_nr:34;normal_or_conflict:normal;cube:CubeLeft (UnityEngine.GameObject);isiTime:1.651316;vibro_duration:0.1
192.119166478249	0	96059	box:touched	box:touched;condition:vibro;emsFeedback:on;reaction_time:0.7148116;trial_nr:34;normal_or_conflict:normal;cube:CubeLeft (UnityEngine.GameObject);isiTime:1.651316;emsCurrent:12;emsWidth:200;pulseCount:14
192.217168093497	0	96108	vibroFeedback:off	vibroFeedback:off;vibroFeedbackDuration:0.100721
194.607207485754	0	97303	Markers	visualFeedback:off
196.349236197601	0	98174	box:spawned	box:spawned;condition:vibro;trial_nr:35;normal_or_conflict:normal;cube:CubeRight (UnityEngine.GameObject);isiTime:1.739588
197.197250174436	0	98598	box:touched	box:touched;condition:vibro;vibroFeedback:on;reaction_time:0.8378041;trial_nr:35;normal_or_conflict:normal;cube:CubeRight (UnityEngine.GameObject);isiTime:1.739588;vibro_duration:0.1
197.201250240364	0	98600	box:touched	box:touched;condition:vibro;emsFeedback:on;reaction_time:0.8378041;trial_nr:35;normal_or_conflict:normal;cube:CubeRight (UnityEngine.GameObject);isiTime:1.739588;emsCurrent:12;emsWidth:200;pulseCount:14
197.299251855611	0	98649	vibroFeedback:off	vibroFeedback:off;vibroFeedbackDuration:0.100461
199.687291214905	0	99843	Markers	visualFeedback:off
201.341318476325	0	100670	box:spawned	box:spawned;condition:vibro;trial_nr:36;normal_or_conflict:conflict;cube:CubeMiddle (UnityEngine.GameObject);isiTime:1.644112
201.931328200774	0	100965	box:touched	box:touched;condition:vibro;vibroFeedback:on;reaction_time:0.5811689;trial_nr:36;normal_or_conflict:conflict;cube:CubeMiddle (UnityEngine.GameObject);isiTime:1.644112;vibro_duration:0.1
201.937328299667	0	100968	box:touched	box:touched;condition:vibro;emsFeedback:on;reaction_time:0.5811689;trial_nr:36;normal_or_conflict:conflict;cube:CubeMiddle (UnityEngine.GameObject);isiTime:1.644112;emsCurrent:12;emsWidth:200;pulseCount:14
202.03332988195	0	101016	vibroFeedback:off	vibroFeedback:off;vibroFeedbackDuration:0.1030436
204.423369274208	0	102211	Markers	visualFeedback:off
206.323400590229	0	103161	box:spawned	box:spawned;condition:vibro;trial_nr:37;normal_or_conflict:normal;cube:CubeMiddle (UnityEngine.GameObject);isiTime:1.896152
207.091413248494	0	103545	box:touched	box:touched;condition:vibro;vibroFeedback:on;reaction_time:0.7592406;trial_nr:37;normal_or_conflict:normal;cube:CubeMiddle (UnityEngine.GameObject);isiTime:1.896152;vibro_duration:0.1
207.097413347387	0	103548	box:touched	box:touched;condition:vibro;emsFeedback:on;reaction_time:0.7592406;trial_nr:37;normal_or_conflict:normal;cube:CubeMiddle (UnityEngine.GameObject);isiTime:1.896152;emsCurrent:12;emsWidth:200;pulseCount:14
207.191414896706	0	103595	vibroFeedback:off	vibroFeedback:off;vibroFeedbackDuration:0.1002216
209.583454321928	0	104791	Markers	visualFeedback:off
211.505486000555	0	105752	box:spawned	box:spawned;condition:vibro;trial_nr:38;normal_or_conflict:normal;cube:CubeRight (UnityEngine.GameObject);isiTime:1.914783
212.207497571001	0	106103	box:touched	box:touched;condition:vibro;vibroFeedback:on;reaction_time:0.6931353;trial_nr:38;normal_or_conflict:normal;cube:CubeRight (UnityEngine.GameObject);isiTime:1.914783;vibro_duration:0.1
212.213497669894	0	106106	box:touched	box:touched;condition:vibro;emsFeedback:on;reaction_time:0.6931353;trial_nr:38;normal_or_conflict:normal;cube:CubeRight (UnityEngine.GameObject);isiTime:1.914783;emsCurrent:12;emsWidth:200;pulseCount:14
212.309499252177	0	106154	vibroFeedback:off	vibroFeedback:off;vibroFeedbackDuration:0.1013843
214.699538644435	0	107349	Markers	visualFeedback:off
216.485568081494	0	108242	box:spawned	box:spawned;condition:vibro;trial_nr:39;normal_or_conflict:normal;cube:CubeRight (UnityEngine.GameObject);isiTime:1.781482
217.233580410117	0	108616	box:touched	box:touched;condition:vibro;vibroFeedback:on;reaction_time:0.738435;trial_nr:39;normal_or_conflict:normal;cube:CubeRight (UnityEngine.GameObject);isiTime:1.781482;vibro_duration:0.1
217.23958050901	0	108619	box:touched	box:touched;condition:vibro;emsFeedback:on;reaction_time:0.738435;trial_nr:39;normal_or_conflict:normal;cube:CubeRight (UnityEngine.GameObject);isiTime:1.781482;emsCurrent:12;emsWidth:200;pulseCount:14
217.335582091293	0	108667	vibroFeedback:off	vibroFeedback:off;vibroFeedbackDuration:0.1022791
219.725621483551	0	109862	Markers	visualFeedback:off
221.289647261581	0	110644	box:spawned	box:spawned;condition:vibro;trial_nr:40;normal_or_conflict:conflict;cube:CubeMiddle (UnityEngine.GameObject);isiTime:1.558555
221.913657546421	0	110956	box:touched	box:touched;condition:vibro;vibroFeedback:on;reaction_time:0.6140153;trial_nr:40;normal_or_conflict:conflict;cube:CubeMiddle (UnityEngine.GameObject);isiTime:1.558555;vibro_duration:0.1
221.91765761235	0	110958	box:touched	box:touched;condition:vibro;emsFeedback:on;reaction_time:0.6140153;trial_nr:40;normal_or_conflict:conflict;cube:CubeMiddle (UnityEngine.GameObject);isiTime:1.558555;emsCurrent:12;emsWidth:200;pulseCount:14
222.015659227597	0	111007	vibroFeedback:off	vibroFeedback:off;vibroFeedbackDuration:0.1004409
224.405698619855	0	112202	Markers	visualFeedback:off
225.689719782892	0	112844	box:spawned	box:spawned;condition:vibro;trial_nr:41;normal_or_conflict:normal;cube:CubeRight (UnityEngine.GameObject);isiTime:1.279436
226.393731386302	0	113196	box:touched	box:touched;condition:vibro;vibroFeedback:on;reaction_time:0.6926575;trial_nr:41;normal_or_conflict:normal;cube:CubeRight (UnityEngine.GameObject);isiTime:1.279436;vibro_duration:0.1
226.397731452231	0	113198	box:touched	box:touched;condition:vibro;emsFeedback:on;reaction_time:0.6926575;trial_nr:41;normal_or_conflict:normal;cube:CubeRight (UnityEngine.GameObject);isiTime:1.279436;emsCurrent:12;emsWidth:200;pulseCount:14
226.493733034514	0	113246	vibroFeedback:off	vibroFeedback:off;vibroFeedbackDuration:0.1018457
228.885772459736	0	114442	Markers	visualFeedback:off
230.827804468006	0	115413	box:spawned	box:spawned;condition:vibro;trial_nr:42;normal_or_conflict:normal;cube:CubeLeft (UnityEngine.GameObject);isiTime:1.939679
231.541816236237	0	115770	box:touched	box:touched;condition:vibro;vibroFeedback:on;reaction_time:0.7032902;trial_nr:42;normal_or_conflict:normal;cube:CubeLeft (UnityEngine.GameObject);isiTime:1.939679;vibro_duration:0.1
231.547816335129	0	115773	box:touched	box:touched;condition:vibro;emsFeedback:on;reaction_time:0.7032902;trial_nr:42;normal_or_conflict:normal;cube:CubeLeft (UnityEngine.GameObject);isiTime:1.939679;emsCurrent:12;emsWidth:200;pulseCount:14
231.643817917413	0	115821	vibroFeedback:off	vibroFeedback:off;vibroFeedbackDuration:0.100706
234.033857309671	0	117016	Markers	visualFeedback:off
235.999889713511	0	117999	box:spawned	box:spawned;condition:vibro;trial_nr:43;normal_or_conflict:normal;cube:CubeRight (UnityEngine.GameObject);isiTime:1.961614
236.689901086171	0	118344	box:touched	box:touched;condition:vibro;vibroFeedback:on;reaction_time:0.6806743;trial_nr:43;normal_or_conflict:normal;cube:CubeRight (UnityEngine.GameObject);isiTime:1.961614;vibro_duration:0.1
236.695901185064	0	118347	box:touched	box:touched;condition:vibro;emsFeedback:on;reaction_time:0.6806743;trial_nr:43;normal_or_conflict:normal;cube:CubeRight (UnityEngine.GameObject);isiTime:1.961614;emsCurrent:12;emsWidth:200;pulseCount:14
236.793902800311	0	118396	vibroFeedback:off	vibroFeedback:off;vibroFeedbackDuration:0.1004362
239.183942192569	0	119591	Markers	visualFeedback:off
240.53596447639	0	120267	box:spawned	box:spawned;condition:vibro;trial_nr:44;normal_or_conflict:normal;cube:CubeLeft (UnityEngine.GameObject);isiTime:1.345825
241.203975486444	0	120601	box:touched	box:touched;condition:vibro;vibroFeedback:on;reaction_time:0.6587081;trial_nr:44;normal_or_conflict:normal;cube:CubeLeft (UnityEngine.GameObject);isiTime:1.345825;vibro_duration:0.1
241.209975585337	0	120604	box:touched	box:touched;condition:vibro;emsFeedback:on;reaction_time:0.6587081;trial_nr:44;normal_or_conflict:normal;cube:CubeLeft (UnityEngine.GameObject);isiTime:1.345825;emsCurrent:12;emsWidth:200;pulseCount:14
241.30597716762	0	120652	vibroFeedback:off	vibroFeedback:off;vibroFeedbackDuration:0.1005238
243.696016559878	0	121847	Markers	visualFeedback:off
245.304043063121	0	122651	box:spawned	box:spawned;condition:vibro;trial_nr:45;normal_or_conflict:normal;cube:CubeRight (UnityEngine.GameObject);isiTime:1.606649
246.062055556565	0	123030	box:touched	box:touched;condition:vibro;vibroFeedback:on;reaction_time:0.7485139;trial_nr:45;normal_or_conflict:normal;cube:CubeRight (UnityEngine.GameObject);isiTime:1.606649;vibro_duration:0.1
246.068055655458	0	123033	box:touched	box:touched;condition:vibro;emsFeedback:on;reaction_time:0.7485139;trial_nr:45;normal_or_conflict:normal;cube:CubeRight (UnityEngine.GameObject);isiTime:1.606649;emsCurrent:12;emsWidth:200;pulseCount:14
246.176057435526	0	123087	vibroFeedback:off	vibroFeedback:off;vibroFeedbackDuration:0.1015885
248.554096629999	0	124276	Markers	visualFeedback:off
250.106122210243	0	125052	box:spawned	box:spawned;condition:vibro;trial_nr:46;normal_or_conflict:conflict;cube:CubeLeft (UnityEngine.GameObject);isiTime:1.544528
250.708132132477	0	125353	box:touched	box:touched;condition:vibro;vibroFeedback:on;reaction_time:0.5918579;trial_nr:46;normal_or_conflict:conflict;cube:CubeLeft (UnityEngine.GameObject);isiTime:1.544528;vibro_duration:0.1
250.71413223137	0	125356	box:touched	box:touched;condition:vibro;emsFeedback:on;reaction_time:0.5918579;trial_nr:46;normal_or_conflict:conflict;cube:CubeLeft (UnityEngine.GameObject);isiTime:1.544528;emsCurrent:12;emsWidth:200;pulseCount:14
250.810133813653	0	125404	vibroFeedback:off	vibroFeedback:off;vibroFeedbackDuration:0.1000032
253.200173205911	0	126599	Markers	visualFeedback:off
255.088204324146	0	127543	box:spawned	box:spawned;condition:vibro;trial_nr:47;normal_or_conflict:normal;cube:CubeRight (UnityEngine.GameObject);isiTime:1.883768
255.758215367164	0	127878	box:touched	box:touched;condition:vibro;vibroFeedback:on;reaction_time:0.6590664;trial_nr:47;normal_or_conflict:normal;cube:CubeRight (UnityEngine.GameObject);isiTime:1.883768;vibro_duration:0.1
255.762215433093	0	127880	box:touched	box:touched;condition:vibro;emsFeedback:on;reaction_time:0.6590664;trial_nr:47;normal_or_conflict:normal;cube:CubeRight (UnityEngine.GameObject);isiTime:1.883768;emsCurrent:12;emsWidth:200;pulseCount:14
255.858217015376	0	127928	vibroFeedback:off	vibroFeedback:off;vibroFeedbackDuration:0.1000909
258.248256407634	0	129123	Markers	visualFeedback:off
259.924284031661	0	129961	box:spawned	box:spawned;condition:vibro;trial_nr:48;normal_or_conflict:conflict;cube:CubeMiddle (UnityEngine.GameObject);isiTime:1.671604
260.44829266829	0	130223	box:touched	box:touched;condition:vibro;vibroFeedback:on;reaction_time:0.5136847;trial_nr:48;normal_or_conflict:conflict;cube:CubeMiddle (UnityEngine.GameObject);isiTime:1.671604;vibro_duration:0.1
260.454292767182	0	130226	box:touched	box:touched;condition:vibro;emsFeedback:on;reaction_time:0.5136847;trial_nr:48;normal_or_conflict:conflict;cube:CubeMiddle (UnityEngine.GameObject);isiTime:1.671604;emsCurrent:12;emsWidth:200;pulseCount:14
260.55229438243	0	130275	vibroFeedback:off	vibroFeedback:off;vibroFeedbackDuration:0.1015016
262.942333774688	0	131470	Markers	visualFeedback:off
264.102352893943	0	132050	box:spawned	box:spawned;condition:vibro;trial_nr:49;normal_or_conflict:normal;cube:CubeMiddle (UnityEngine.GameObject);isiTime:1.158622
264.826364826995	0	132412	box:touched	box:touched;condition:vibro;vibroFeedback:on;reaction_time:0.7143893;trial_nr:49;normal_or_conflict:normal;cube:CubeMiddle (UnityEngine.GameObject);isiTime:1.158622;vibro_duration:0.1
264.832364925887	0	132415	box:touched	box:touched;condition:vibro;emsFeedback:on;reaction_time:0.7143893;trial_nr:49;normal_or_conflict:normal;cube:CubeMiddle (UnityEngine.GameObject);isiTime:1.158622;emsCurrent:12;emsWidth:200;pulseCount:14
264.928366508171	0	132463	vibroFeedback:off	vibroFeedback:off;vibroFeedbackDuration:0.1008107
267.318405900428	0	133658	Markers	visualFeedback:off
268.546426140467	0	134272	box:spawned	box:spawned;condition:vibro;trial_nr:50;normal_or_conflict:normal;cube:CubeRight (UnityEngine.GameObject);isiTime:1.224302
269.216437183485	0	134607	box:touched	box:touched;condition:vibro;vibroFeedback:on;reaction_time:0.6591215;trial_nr:50;normal_or_conflict:normal;cube:CubeRight (UnityEngine.GameObject);isiTime:1.224302;vibro_duration:0.1
269.222437282378	0	134610	box:touched	box:touched;condition:vibro;emsFeedback:on;reaction_time:0.6591215;trial_nr:50;normal_or_conflict:normal;cube:CubeRight (UnityEngine.GameObject);isiTime:1.224302;emsCurrent:12;emsWidth:200;pulseCount:14
269.318438864661	0	134658	vibroFeedback:off	vibroFeedback:off;vibroFeedbackDuration:0.1004148
271.708478256919	0	135853	Markers	visualFeedback:off
273.026499980348	0	136512	box:spawned	box:spawned;condition:vibro;trial_nr:51;normal_or_conflict:conflict;cube:CubeLeft (UnityEngine.GameObject);isiTime:1.307464
273.59450934219	0	136796	box:touched	box:touched;condition:vibro;vibroFeedback:on;reaction_time:0.5581269;trial_nr:51;normal_or_conflict:conflict;cube:CubeLeft (UnityEngine.GameObject);isiTime:1.307464;vibro_duration:0.1
273.600509441083	0	136799	box:touched	box:touched;condition:vibro;emsFeedback:on;reaction_time:0.5581269;trial_nr:51;normal_or_conflict:conflict;cube:CubeLeft (UnityEngine.GameObject);isiTime:1.307464;emsCurrent:12;emsWidth:200;pulseCount:14
273.69851105633	0	136848	vibroFeedback:off	vibroFeedback:off;vibroFeedbackDuration:0.1032292
276.086550415624	0	138042	Markers	visualFeedback:off
277.146567886667	0	138572	box:spawned	box:spawned;condition:vibro;trial_nr:52;normal_or_conflict:normal;cube:CubeMiddle (UnityEngine.GameObject);isiTime:1.05208
278.018582259073	0	139008	box:touched	box:touched;condition:vibro;vibroFeedback:on;reaction_time:0.8599653;trial_nr:52;normal_or_conflict:normal;cube:CubeMiddle (UnityEngine.GameObject);isiTime:1.05208;vibro_duration:0.1
278.022582325001	0	139010	box:touched	box:touched;condition:vibro;emsFeedback:on;reaction_time:0.8599653;trial_nr:52;normal_or_conflict:normal;cube:CubeMiddle (UnityEngine.GameObject);isiTime:1.05208;emsCurrent:12;emsWidth:200;pulseCount:14
278.118583907284	0	139058	vibroFeedback:off	vibroFeedback:off;vibroFeedbackDuration:0.1004958
280.51262336547	0	140255	Markers	visualFeedback:off
281.928646704147	0	140963	box:spawned	box:spawned;condition:vibro;trial_nr:53;normal_or_conflict:normal;cube:CubeRight (UnityEngine.GameObject);isiTime:1.412458
282.630658274593	0	141314	box:touched	box:touched;condition:vibro;vibroFeedback:on;reaction_time:0.6933992;trial_nr:53;normal_or_conflict:normal;cube:CubeRight (UnityEngine.GameObject);isiTime:1.412458;vibro_duration:0.1
282.636658373485	0	141317	box:touched	box:touched;condition:vibro;emsFeedback:on;reaction_time:0.6933992;trial_nr:53;normal_or_conflict:normal;cube:CubeRight (UnityEngine.GameObject);isiTime:1.412458;emsCurrent:12;emsWidth:200;pulseCount:14
282.732659955769	0	141365	vibroFeedback:off	vibroFeedback:off;vibroFeedbackDuration:0.1003994
285.122699348026	0	142560	Markers	visualFeedback:off
286.528722521882	0	143263	box:spawned	box:spawned;condition:vibro;trial_nr:54;normal_or_conflict:normal;cube:CubeLeft (UnityEngine.GameObject);isiTime:1.40072
287.254734487898	0	143626	box:touched	box:touched;condition:vibro;vibroFeedback:on;reaction_time:0.7147508;trial_nr:54;normal_or_conflict:normal;cube:CubeLeft (UnityEngine.GameObject);isiTime:1.40072;vibro_duration:0.1
287.258734553827	0	143628	box:touched	box:touched;condition:vibro;emsFeedback:on;reaction_time:0.7147508;trial_nr:54;normal_or_conflict:normal;cube:CubeLeft (UnityEngine.GameObject);isiTime:1.40072;emsCurrent:12;emsWidth:200;pulseCount:14
287.366736333895	0	143682	vibroFeedback:off	vibroFeedback:off;vibroFeedbackDuration:0.1111775
289.746775561332	0	144872	Markers	visualFeedback:off
291.388802624967	0	145693	box:spawned	box:spawned;condition:vibro;trial_nr:55;normal_or_conflict:normal;cube:CubeRight (UnityEngine.GameObject);isiTime:1.637555
292.214816239195	0	146106	box:touched	box:touched;condition:vibro;vibroFeedback:on;reaction_time:0.8152101;trial_nr:55;normal_or_conflict:normal;cube:CubeRight (UnityEngine.GameObject);isiTime:1.637555;vibro_duration:0.1
292.218816305124	0	146108	box:touched	box:touched;condition:vibro;emsFeedback:on;reaction_time:0.8152101;trial_nr:55;normal_or_conflict:normal;cube:CubeRight (UnityEngine.GameObject);isiTime:1.637555;emsCurrent:12;emsWidth:200;pulseCount:14
292.314817887407	0	146156	vibroFeedback:off	vibroFeedback:off;vibroFeedbackDuration:0.1007878
294.704857279665	0	147351	Markers	visualFeedback:off
296.122880651305	0	148060	box:spawned	box:spawned;condition:vibro;trial_nr:56;normal_or_conflict:conflict;cube:CubeLeft (UnityEngine.GameObject);isiTime:1.408979
296.714890408718	0	148356	box:touched	box:touched;condition:vibro;vibroFeedback:on;reaction_time:0.5812135;trial_nr:56;normal_or_conflict:conflict;cube:CubeLeft (UnityEngine.GameObject);isiTime:1.408979;vibro_duration:0.1
296.720890507611	0	148359	box:touched	box:touched;condition:vibro;emsFeedback:on;reaction_time:0.5812135;trial_nr:56;normal_or_conflict:conflict;cube:CubeLeft (UnityEngine.GameObject);isiTime:1.408979;emsCurrent:12;emsWidth:200;pulseCount:14
296.816892089894	0	148407	vibroFeedback:off	vibroFeedback:off;vibroFeedbackDuration:0.1005677
299.206931482152	0	149602	Markers	visualFeedback:off
300.412951359584	0	150205	box:spawned	box:spawned;condition:vibro;trial_nr:57;normal_or_conflict:normal;cube:CubeMiddle (UnityEngine.GameObject);isiTime:1.204944
301.406967742808	0	150702	box:touched	box:touched;condition:vibro;vibroFeedback:on;reaction_time:0.983597;trial_nr:57;normal_or_conflict:normal;cube:CubeMiddle (UnityEngine.GameObject);isiTime:1.204944;vibro_duration:0.1
301.410967808736	0	150704	box:touched	box:touched;condition:vibro;emsFeedback:on;reaction_time:0.983597;trial_nr:57;normal_or_conflict:normal;cube:CubeMiddle (UnityEngine.GameObject);isiTime:1.204944;emsCurrent:12;emsWidth:200;pulseCount:14
301.508969423984	0	150753	vibroFeedback:off	vibroFeedback:off;vibroFeedbackDuration:0.1006112
303.899008816242	0	151948	Markers	visualFeedback:off
305.719038813693	0	152858	box:spawned	box:spawned;condition:vibro;trial_nr:58;normal_or_conflict:normal;cube:CubeRight (UnityEngine.GameObject);isiTime:1.819981
306.555052592742	0	153276	box:touched	box:touched;condition:vibro;vibroFeedback:on;reaction_time:0.8271582;trial_nr:58;normal_or_conflict:normal;cube:CubeRight (UnityEngine.GameObject);isiTime:1.819981;vibro_duration:0.1
306.561052691635	0	153279	box:touched	box:touched;condition:vibro;emsFeedback:on;reaction_time:0.8271582;trial_nr:58;normal_or_conflict:normal;cube:CubeRight (UnityEngine.GameObject);isiTime:1.819981;emsCurrent:12;emsWidth:200;pulseCount:14
306.669054471704	0	153333	vibroFeedback:off	vibroFeedback:off;vibroFeedbackDuration:0.1109033
309.04909369914	0	154523	Markers	visualFeedback:off
310.621119609027	0	155309	box:spawned	box:spawned;condition:vibro;trial_nr:59;normal_or_conflict:normal;cube:CubeRight (UnityEngine.GameObject);isiTime:1.574078
311.403132498042	0	155700	box:touched	box:touched;condition:vibro;vibroFeedback:on;reaction_time:0.771019;trial_nr:59;normal_or_conflict:normal;cube:CubeRight (UnityEngine.GameObject);isiTime:1.574078;vibro_duration:0.1
311.40713256397	0	155702	box:touched	box:touched;condition:vibro;emsFeedback:on;reaction_time:0.771019;trial_nr:59;normal_or_conflict:normal;cube:CubeRight (UnityEngine.GameObject);isiTime:1.574078;emsCurrent:12;emsWidth:200;pulseCount:14
311.507134212182	0	155752	vibroFeedback:off	vibroFeedback:off;vibroFeedbackDuration:0.1063455
313.895173571476	0	156946	Markers	visualFeedback:off
314.945190877698	0	157471	box:spawned	box:spawned;condition:vibro;trial_nr:60;normal_or_conflict:conflict;cube:CubeLeft (UnityEngine.GameObject);isiTime:1.042947
315.581201360324	0	157789	box:touched	box:touched;condition:vibro;vibroFeedback:on;reaction_time:0.6256227;trial_nr:60;normal_or_conflict:conflict;cube:CubeLeft (UnityEngine.GameObject);isiTime:1.042947;vibro_duration:0.1
315.585201426252	0	157791	box:touched	box:touched;condition:vibro;emsFeedback:on;reaction_time:0.6256227;trial_nr:60;normal_or_conflict:conflict;cube:CubeLeft (UnityEngine.GameObject);isiTime:1.042947;emsCurrent:12;emsWidth:200;pulseCount:14
315.681203008535	0	157839	vibroFeedback:off	vibroFeedback:off;vibroFeedbackDuration:0.100559
318.073242433758	0	159035	Markers	visualFeedback:off
319.871272068603	0	159934	box:spawned	box:spawned;condition:vibro;trial_nr:61;normal_or_conflict:normal;cube:CubeRight (UnityEngine.GameObject);isiTime:1.796924
320.717286012473	0	160357	box:touched	box:touched;condition:vibro;vibroFeedback:on;reaction_time:0.8378077;trial_nr:61;normal_or_conflict:normal;cube:CubeRight (UnityEngine.GameObject);isiTime:1.796924;vibro_duration:0.1
320.723286111366	0	160360	box:touched	box:touched;condition:vibro;emsFeedback:on;reaction_time:0.8378077;trial_nr:61;normal_or_conflict:normal;cube:CubeRight (UnityEngine.GameObject);isiTime:1.796924;emsCurrent:12;emsWidth:200;pulseCount:14
320.819287693649	0	160408	vibroFeedback:off	vibroFeedback:off;vibroFeedbackDuration:0.1002185
323.209327085907	0	161603	Markers	visualFeedback:off
324.649350820154	0	162323	box:spawned	box:spawned;condition:vibro;trial_nr:62;normal_or_conflict:normal;cube:CubeLeft (UnityEngine.GameObject);isiTime:1.43994
325.443363906954	0	162720	box:touched	box:touched;condition:vibro;vibroFeedback:on;reaction_time:0.7825842;trial_nr:62;normal_or_conflict:normal;cube:CubeLeft (UnityEngine.GameObject);isiTime:1.43994;vibro_duration:0.1
325.447363972883	0	162722	box:touched	box:touched;condition:vibro;emsFeedback:on;reaction_time:0.7825842;trial_nr:62;normal_or_conflict:normal;cube:CubeLeft (UnityEngine.GameObject);isiTime:1.43994;emsCurrent:12;emsWidth:200;pulseCount:14
325.555365752951	0	162776	vibroFeedback:off	vibroFeedback:off;vibroFeedbackDuration:0.1004946
327.935404980388	0	163966	Markers	visualFeedback:off
329.409429275028	0	164703	box:spawned	box:spawned;condition:vibro;trial_nr:63;normal_or_conflict:normal;cube:CubeMiddle (UnityEngine.GameObject);isiTime:1.472408
330.347444735253	0	165172	box:touched	box:touched;condition:vibro;vibroFeedback:on;reaction_time:0.9273343;trial_nr:63;normal_or_conflict:normal;cube:CubeMiddle (UnityEngine.GameObject);isiTime:1.472408;vibro_duration:0.1
330.351444801181	0	165174	box:touched	box:touched;condition:vibro;emsFeedback:on;reaction_time:0.9273343;trial_nr:63;normal_or_conflict:normal;cube:CubeMiddle (UnityEngine.GameObject);isiTime:1.472408;emsCurrent:12;emsWidth:200;pulseCount:14
330.447446383464	0	165222	vibroFeedback:off	vibroFeedback:off;vibroFeedbackDuration:0.1003595
332.837485775722	0	166417	Markers	visualFeedback:off
334.657515773174	0	167327	box:spawned	box:spawned;condition:vibro;trial_nr:64;normal_or_conflict:normal;cube:CubeLeft (UnityEngine.GameObject);isiTime:1.814106
335.707533079396	0	167852	box:touched	box:touched;condition:vibro;vibroFeedback:on;reaction_time:1.039782;trial_nr:64;normal_or_conflict:normal;cube:CubeLeft (UnityEngine.GameObject);isiTime:1.814106;vibro_duration:0.1
335.711533145324	0	167854	box:touched	box:touched;condition:vibro;emsFeedback:on;reaction_time:1.039782;trial_nr:64;normal_or_conflict:normal;cube:CubeLeft (UnityEngine.GameObject);isiTime:1.814106;emsCurrent:12;emsWidth:200;pulseCount:14
335.809534760572	0	167903	vibroFeedback:off	vibroFeedback:off;vibroFeedbackDuration:0.1001173
338.19957415283	0	169098	Markers	visualFeedback:off
339.975603425068	0	169986	box:spawned	box:spawned;condition:vibro;trial_nr:65;normal_or_conflict:normal;cube:CubeMiddle (UnityEngine.GameObject);isiTime:1.766361
340.823617401903	0	170410	box:touched	box:touched;condition:vibro;vibroFeedback:on;reaction_time:0.8382282;trial_nr:65;normal_or_conflict:normal;cube:CubeMiddle (UnityEngine.GameObject);isiTime:1.766361;vibro_duration:0.1
340.827617467831	0	170412	box:touched	box:touched;condition:vibro;emsFeedback:on;reaction_time:0.8382282;trial_nr:65;normal_or_conflict:normal;cube:CubeMiddle (UnityEngine.GameObject);isiTime:1.766361;emsCurrent:12;emsWidth:200;pulseCount:14
340.925619083079	0	170461	vibroFeedback:off	vibroFeedback:off;vibroFeedbackDuration:0.1030653
343.315658475336	0	171656	Markers	visualFeedback:off
344.609679803195	0	172303	box:spawned	box:spawned;condition:vibro;trial_nr:66;normal_or_conflict:conflict;cube:CubeLeft (UnityEngine.GameObject);isiTime:1.292565
345.177689165037	0	172587	box:touched	box:touched;condition:vibro;vibroFeedback:on;reaction_time:0.5580096;trial_nr:66;normal_or_conflict:conflict;cube:CubeLeft (UnityEngine.GameObject);isiTime:1.292565;vibro_duration:0.1
345.18368926393	0	172590	box:touched	box:touched;condition:vibro;emsFeedback:on;reaction_time:0.5580096;trial_nr:66;normal_or_conflict:conflict;cube:CubeLeft (UnityEngine.GameObject);isiTime:1.292565;emsCurrent:12;emsWidth:200;pulseCount:14
345.279690846213	0	172638	vibroFeedback:off	vibroFeedback:off;vibroFeedbackDuration:0.1006036
347.671730271435	0	173834	Markers	visualFeedback:off
348.787748665477	0	174392	box:spawned	box:spawned;condition:vibro;trial_nr:67;normal_or_conflict:normal;cube:CubeRight (UnityEngine.GameObject);isiTime:1.070221
349.545761158921	0	174771	box:touched	box:touched;condition:vibro;vibroFeedback:on;reaction_time:0.7487335;trial_nr:67;normal_or_conflict:normal;cube:CubeRight (UnityEngine.GameObject);isiTime:1.070221;vibro_duration:0.1
349.551761257813	0	174774	box:touched	box:touched;condition:vibro;emsFeedback:on;reaction_time:0.7487335;trial_nr:67;normal_or_conflict:normal;cube:CubeRight (UnityEngine.GameObject);isiTime:1.070221;emsCurrent:12;emsWidth:200;pulseCount:14
349.649762873061	0	174823	vibroFeedback:off	vibroFeedback:off;vibroFeedbackDuration:0.1033991
352.039802265319	0	176018	Markers	visualFeedback:off
353.545827087386	0	176771	box:spawned	box:spawned;condition:vibro;trial_nr:68;normal_or_conflict:conflict;cube:CubeMiddle (UnityEngine.GameObject);isiTime:1.50399
354.137836844799	0	177067	box:touched	box:touched;condition:vibro;vibroFeedback:on;reaction_time:0.5815229;trial_nr:68;normal_or_conflict:conflict;cube:CubeMiddle (UnityEngine.GameObject);isiTime:1.50399;vibro_duration:0.1
354.141836910727	0	177069	box:touched	box:touched;condition:vibro;emsFeedback:on;reaction_time:0.5815229;trial_nr:68;normal_or_conflict:conflict;cube:CubeMiddle (UnityEngine.GameObject);isiTime:1.50399;emsCurrent:12;emsWidth:200;pulseCount:14
354.249838690796	0	177123	vibroFeedback:off	vibroFeedback:off;vibroFeedbackDuration:0.1131492
356.627877885268	0	178312	Markers	visualFeedback:off
358.157903102906	0	179077	box:spawned	box:spawned;condition:vibro;trial_nr:69;normal_or_conflict:normal;cube:CubeLeft (UnityEngine.GameObject);isiTime:1.526248
358.927915794136	0	179462	box:touched	box:touched;condition:vibro;vibroFeedback:on;reaction_time:0.759505;trial_nr:69;normal_or_conflict:normal;cube:CubeLeft (UnityEngine.GameObject);isiTime:1.526248;vibro_duration:0.1
358.933915893028	0	179465	box:touched	box:touched;condition:vibro;emsFeedback:on;reaction_time:0.759505;trial_nr:69;normal_or_conflict:normal;cube:CubeLeft (UnityEngine.GameObject);isiTime:1.526248;emsCurrent:12;emsWidth:200;pulseCount:14
359.029917475311	0	179513	vibroFeedback:off	vibroFeedback:off;vibroFeedbackDuration:0.1015289
361.419956867569	0	180708	Markers	visualFeedback:off
363.487990952586	0	181742	box:spawned	box:spawned;condition:vibro;trial_nr:70;normal_or_conflict:normal;cube:CubeMiddle (UnityEngine.GameObject);isiTime:1.691942
364.290004171243	0	182143	box:touched	box:touched;condition:vibro;vibroFeedback:on;reaction_time:0.7929411;trial_nr:70;normal_or_conflict:normal;cube:CubeMiddle (UnityEngine.GameObject);isiTime:1.691942;vibro_duration:0.1
364.294004237172	0	182145	box:touched	box:touched;condition:vibro;emsFeedback:on;reaction_time:0.7929411;trial_nr:70;normal_or_conflict:normal;cube:CubeMiddle (UnityEngine.GameObject);isiTime:1.691942;emsCurrent:12;emsWidth:200;pulseCount:14
364.394005885383	0	182195	vibroFeedback:off	vibroFeedback:off;vibroFeedbackDuration:0.1009102
366.782045244677	0	183389	Markers	visualFeedback:off
368.61207540695	0	184304	box:spawned	box:spawned;condition:vibro;trial_nr:71;normal_or_conflict:conflict;cube:CubeMiddle (UnityEngine.GameObject);isiTime:1.826995
369.126083878757	0	184561	box:touched	box:touched;condition:vibro;vibroFeedback:on;reaction_time:0.5028872;trial_nr:71;normal_or_conflict:conflict;cube:CubeMiddle (UnityEngine.GameObject);isiTime:1.826995;vibro_duration:0.1
369.130083944686	0	184563	box:touched	box:touched;condition:vibro;emsFeedback:on;reaction_time:0.5028872;trial_nr:71;normal_or_conflict:conflict;cube:CubeMiddle (UnityEngine.GameObject);isiTime:1.826995;emsCurrent:12;emsWidth:200;pulseCount:14
369.228085559933	0	184612	vibroFeedback:off	vibroFeedback:off;vibroFeedbackDuration:0.1021693
371.618124952191	0	185807	Markers	visualFeedback:off
373.584157356032	0	186790	box:spawned	box:spawned;condition:vibro;trial_nr:72;normal_or_conflict:normal;cube:CubeLeft (UnityEngine.GameObject);isiTime:1.959985
374.442171497687	0	187219	box:touched	box:touched;condition:vibro;vibroFeedback:on;reaction_time:0.8491609;trial_nr:72;normal_or_conflict:normal;cube:CubeLeft (UnityEngine.GameObject);isiTime:1.959985;vibro_duration:0.1
374.44817159658	0	187222	box:touched	box:touched;condition:vibro;emsFeedback:on;reaction_time:0.8491609;trial_nr:72;normal_or_conflict:normal;cube:CubeLeft (UnityEngine.GameObject);isiTime:1.959985;emsCurrent:12;emsWidth:200;pulseCount:14
374.544173178863	0	187270	vibroFeedback:off	vibroFeedback:off;vibroFeedbackDuration:0.1006744
376.934212571121	0	188465	Markers	visualFeedback:off
378.990246458352	0	189493	box:spawned	box:spawned;condition:vibro;trial_nr:73;normal_or_conflict:normal;cube:CubeMiddle (UnityEngine.GameObject);isiTime:1.364572
379.840260468151	0	189918	box:touched	box:touched;condition:vibro;vibroFeedback:on;reaction_time:0.8374252;trial_nr:73;normal_or_conflict:normal;cube:CubeMiddle (UnityEngine.GameObject);isiTime:1.364572;vibro_duration:0.1
379.846260567044	0	189921	box:touched	box:touched;condition:vibro;emsFeedback:on;reaction_time:0.8374252;trial_nr:73;normal_or_conflict:normal;cube:CubeMiddle (UnityEngine.GameObject);isiTime:1.364572;emsCurrent:12;emsWidth:200;pulseCount:14
379.940262116363	0	189968	vibroFeedback:off	vibroFeedback:off;vibroFeedbackDuration:0.1003607
382.334301574549	0	191165	Markers	visualFeedback:off
383.792325605475	0	191894	box:spawned	box:spawned;condition:vibro;trial_nr:74;normal_or_conflict:normal;cube:CubeRight (UnityEngine.GameObject);isiTime:1.441465
384.584338659311	0	192290	box:touched	box:touched;condition:vibro;vibroFeedback:on;reaction_time:0.7818747;trial_nr:74;normal_or_conflict:normal;cube:CubeRight (UnityEngine.GameObject);isiTime:1.441465;vibro_duration:0.1
384.588338725239	0	192292	box:touched	box:touched;condition:vibro;emsFeedback:on;reaction_time:0.7818747;trial_nr:74;normal_or_conflict:normal;cube:CubeRight (UnityEngine.GameObject);isiTime:1.441465;emsCurrent:12;emsWidth:200;pulseCount:14
384.692340439379	0	192344	vibroFeedback:off	vibroFeedback:off;vibroFeedbackDuration:0.1070404
387.076379732744	0	193536	Markers	visualFeedback:off
388.41640181878	0	194206	box:spawned	box:spawned;condition:vibro;trial_nr:75;normal_or_conflict:normal;cube:CubeMiddle (UnityEngine.GameObject);isiTime:1.331336
389.164414147403	0	194580	box:touched	box:touched;condition:vibro;vibroFeedback:on;reaction_time:0.7372904;trial_nr:75;normal_or_conflict:normal;cube:CubeMiddle (UnityEngine.GameObject);isiTime:1.331336;vibro_duration:0.1
389.168414213332	0	194582	box:touched	box:touched;condition:vibro;emsFeedback:on;reaction_time:0.7372904;trial_nr:75;normal_or_conflict:normal;cube:CubeMiddle (UnityEngine.GameObject);isiTime:1.331336;emsCurrent:12;emsWidth:200;pulseCount:14
389.266415828579	0	194631	vibroFeedback:off	vibroFeedback:off;vibroFeedbackDuration:0.1016383
391.656455220837	0	195826	Markers	visualFeedback:off
393.276481921865	0	196636	box:spawned	box:spawned;condition:vibro;trial_nr:76;normal_or_conflict:conflict;cube:CubeRight (UnityEngine.GameObject);isiTime:1.610874
393.79849052553	0	196897	box:touched	box:touched;condition:vibro;vibroFeedback:on;reaction_time:0.5145421;trial_nr:76;normal_or_conflict:conflict;cube:CubeRight (UnityEngine.GameObject);isiTime:1.610874;vibro_duration:0.1
393.804490624423	0	196900	box:touched	box:touched;condition:vibro;emsFeedback:on;reaction_time:0.5145421;trial_nr:76;normal_or_conflict:conflict;cube:CubeRight (UnityEngine.GameObject);isiTime:1.610874;emsCurrent:12;emsWidth:200;pulseCount:14
393.904492272634	0	196950	vibroFeedback:off	vibroFeedback:off;vibroFeedbackDuration:0.1004389
396.292531631928	0	198144	Markers	visualFeedback:off
397.686554607998	0	198841	box:spawned	box:spawned;condition:vibro;trial_nr:77;normal_or_conflict:normal;cube:CubeMiddle (UnityEngine.GameObject);isiTime:1.389303
398.512568222226	0	199254	box:touched	box:touched;condition:vibro;vibroFeedback:on;reaction_time:0.8157432;trial_nr:77;normal_or_conflict:normal;cube:CubeMiddle (UnityEngine.GameObject);isiTime:1.389303;vibro_duration:0.1
398.518568321119	0	199257	box:touched	box:touched;condition:vibro;emsFeedback:on;reaction_time:0.8157432;trial_nr:77;normal_or_conflict:normal;cube:CubeMiddle (UnityEngine.GameObject);isiTime:1.389303;emsCurrent:12;emsWidth:200;pulseCount:14
398.61856996933	0	199307	vibroFeedback:off	vibroFeedback:off;vibroFeedbackDuration:0.1058244
401.00460929566	0	200500	Markers	visualFeedback:off
402.290630491661	0	201143	box:spawned	box:spawned;condition:vibro;trial_nr:78;normal_or_conflict:normal;cube:CubeRight (UnityEngine.GameObject);isiTime:1.28416
402.94664130393	0	201471	box:touched	box:touched;condition:vibro;vibroFeedback:on;reaction_time:0.6476417;trial_nr:78;normal_or_conflict:normal;cube:CubeRight (UnityEngine.GameObject);isiTime:1.28416;vibro_duration:0.1
402.952641402822	0	201474	box:touched	box:touched;condition:vibro;emsFeedback:on;reaction_time:0.6476417;trial_nr:78;normal_or_conflict:normal;cube:CubeRight (UnityEngine.GameObject);isiTime:1.28416;emsCurrent:12;emsWidth:200;pulseCount:14
403.048642985105	0	201522	vibroFeedback:off	vibroFeedback:off;vibroFeedbackDuration:0.1026588
405.440682410328	0	202718	Markers	visualFeedback:off
407.182711122174	0	203589	box:spawned	box:spawned;condition:vibro;trial_nr:79;normal_or_conflict:normal;cube:CubeRight (UnityEngine.GameObject);isiTime:1.74179
407.916723220047	0	203956	box:touched	box:touched;condition:vibro;vibroFeedback:on;reaction_time:0.7258291;trial_nr:79;normal_or_conflict:normal;cube:CubeRight (UnityEngine.GameObject);isiTime:1.74179;vibro_duration:0.1
407.92272331894	0	203959	box:touched	box:touched;condition:vibro;emsFeedback:on;reaction_time:0.7258291;trial_nr:79;normal_or_conflict:normal;cube:CubeRight (UnityEngine.GameObject);isiTime:1.74179;emsCurrent:12;emsWidth:200;pulseCount:14
408.020724934188	0	204008	vibroFeedback:off	vibroFeedback:off;vibroFeedbackDuration:0.1002133
410.410764326445	0	205203	Markers	visualFeedback:off
411.538782918273	0	205767	box:spawned	box:spawned;condition:vibro;trial_nr:80;normal_or_conflict:conflict;cube:CubeLeft (UnityEngine.GameObject);isiTime:1.12551
412.206793928326	0	206101	box:touched	box:touched;condition:vibro;vibroFeedback:on;reaction_time:0.6586227;trial_nr:80;normal_or_conflict:conflict;cube:CubeLeft (UnityEngine.GameObject);isiTime:1.12551;vibro_duration:0.1
412.212794027219	0	206104	box:touched	box:touched;condition:vibro;emsFeedback:on;reaction_time:0.6586227;trial_nr:80;normal_or_conflict:conflict;cube:CubeLeft (UnityEngine.GameObject);isiTime:1.12551;emsCurrent:12;emsWidth:200;pulseCount:14
412.308795609502	0	206152	vibroFeedback:off	vibroFeedback:off;vibroFeedbackDuration:0.104879
414.69883500176	0	207347	Markers	visualFeedback:off
415.770852670589	0	207883	box:spawned	box:spawned;condition:vibro;trial_nr:81;normal_or_conflict:normal;cube:CubeLeft (UnityEngine.GameObject);isiTime:1.066279
416.572865889246	0	208284	box:touched	box:touched;condition:vibro;vibroFeedback:on;reaction_time:0.7930884;trial_nr:81;normal_or_conflict:normal;cube:CubeLeft (UnityEngine.GameObject);isiTime:1.066279;vibro_duration:0.1
416.578865988139	0	208287	box:touched	box:touched;condition:vibro;emsFeedback:on;reaction_time:0.7930884;trial_nr:81;normal_or_conflict:normal;cube:CubeLeft (UnityEngine.GameObject);isiTime:1.066279;emsCurrent:12;emsWidth:200;pulseCount:14
416.674867570422	0	208335	vibroFeedback:off	vibroFeedback:off;vibroFeedbackDuration:0.1003891
419.066906995644	0	209531	Markers	visualFeedback:off
420.696933861493	0	210346	box:spawned	box:spawned;condition:vibro;trial_nr:82;normal_or_conflict:normal;cube:CubeRight (UnityEngine.GameObject);isiTime:1.626685
421.410945629724	0	210703	box:touched	box:touched;condition:vibro;vibroFeedback:on;reaction_time:0.7033699;trial_nr:82;normal_or_conflict:normal;cube:CubeRight (UnityEngine.GameObject);isiTime:1.626685;vibro_duration:0.1
421.414945695653	0	210705	box:touched	box:touched;condition:vibro;emsFeedback:on;reaction_time:0.7033699;trial_nr:82;normal_or_conflict:normal;cube:CubeRight (UnityEngine.GameObject);isiTime:1.626685;emsCurrent:12;emsWidth:200;pulseCount:14
421.510947277936	0	210753	vibroFeedback:off	vibroFeedback:off;vibroFeedbackDuration:0.1008095
423.902986703158	0	211949	Markers	visualFeedback:off
425.377010997797	0	212686	box:spawned	box:spawned;condition:vibro;trial_nr:83;normal_or_conflict:normal;cube:CubeMiddle (UnityEngine.GameObject);isiTime:1.464704
426.169024051634	0	213082	box:touched	box:touched;condition:vibro;vibroFeedback:on;reaction_time:0.7813044;trial_nr:83;normal_or_conflict:normal;cube:CubeMiddle (UnityEngine.GameObject);isiTime:1.464704;vibro_duration:0.1
426.173024117562	0	213084	box:touched	box:touched;condition:vibro;emsFeedback:on;reaction_time:0.7813044;trial_nr:83;normal_or_conflict:normal;cube:CubeMiddle (UnityEngine.GameObject);isiTime:1.464704;emsCurrent:12;emsWidth:200;pulseCount:14
426.275025798738	0	213135	vibroFeedback:off	vibroFeedback:off;vibroFeedbackDuration:0.1039257
428.661065125067	0	214328	Markers	visualFeedback:off
429.811084079501	0	214903	box:spawned	box:spawned;condition:vibro;trial_nr:84;normal_or_conflict:normal;cube:CubeRight (UnityEngine.GameObject);isiTime:1.147573
430.413094001735	0	215204	box:touched	box:touched;condition:vibro;vibroFeedback:on;reaction_time:0.5919933;trial_nr:84;normal_or_conflict:normal;cube:CubeRight (UnityEngine.GameObject);isiTime:1.147573;vibro_duration:0.1
430.417094067663	0	215206	box:touched	box:touched;condition:vibro;emsFeedback:on;reaction_time:0.5919933;trial_nr:84;normal_or_conflict:normal;cube:CubeRight (UnityEngine.GameObject);isiTime:1.147573;emsCurrent:12;emsWidth:200;pulseCount:14
430.515095682911	0	215255	vibroFeedback:off	vibroFeedback:off;vibroFeedbackDuration:0.1045219
432.903135042204	0	216449	Markers	visualFeedback:off
434.401159732415	0	217198	box:spawned	box:spawned;condition:vibro;trial_nr:85;normal_or_conflict:normal;cube:CubeLeft (UnityEngine.GameObject);isiTime:1.487505
435.227173346643	0	217611	box:touched	box:touched;condition:vibro;vibroFeedback:on;reaction_time:0.8162293;trial_nr:85;normal_or_conflict:normal;cube:CubeLeft (UnityEngine.GameObject);isiTime:1.487505;vibro_duration:0.1
435.233173445535	0	217614	box:touched	box:touched;condition:vibro;emsFeedback:on;reaction_time:0.8162293;trial_nr:85;normal_or_conflict:normal;cube:CubeLeft (UnityEngine.GameObject);isiTime:1.487505;emsCurrent:12;emsWidth:200;pulseCount:14
435.331175060783	0	217663	vibroFeedback:off	vibroFeedback:off;vibroFeedbackDuration:0.1011607
437.719214420076	0	218857	Markers	visualFeedback:off
438.901233901938	0	219448	box:spawned	box:spawned;condition:vibro;trial_nr:86;normal_or_conflict:conflict;cube:CubeMiddle (UnityEngine.GameObject);isiTime:1.173388
439.493243659351	0	219744	box:touched	box:touched;condition:vibro;vibroFeedback:on;reaction_time:0.5818152;trial_nr:86;normal_or_conflict:conflict;cube:CubeMiddle (UnityEngine.GameObject);isiTime:1.173388;vibro_duration:0.1
439.499243758243	0	219747	box:touched	box:touched;condition:vibro;emsFeedback:on;reaction_time:0.5818152;trial_nr:86;normal_or_conflict:conflict;cube:CubeMiddle (UnityEngine.GameObject);isiTime:1.173388;emsCurrent:12;emsWidth:200;pulseCount:14
439.595245340527	0	219795	vibroFeedback:off	vibroFeedback:off;vibroFeedbackDuration:0.1015633
441.985284732784	0	220990	Markers	visualFeedback:off
443.817314928021	0	221906	box:spawned	box:spawned;condition:vibro;trial_nr:87;normal_or_conflict:normal;cube:CubeLeft (UnityEngine.GameObject);isiTime:1.82403
444.531326696253	0	222263	box:touched	box:touched;condition:vibro;vibroFeedback:on;reaction_time:0.7030416;trial_nr:87;normal_or_conflict:normal;cube:CubeLeft (UnityEngine.GameObject);isiTime:1.82403;vibro_duration:0.1
444.537326795145	0	222266	box:touched	box:touched;condition:vibro;emsFeedback:on;reaction_time:0.7030416;trial_nr:87;normal_or_conflict:normal;cube:CubeLeft (UnityEngine.GameObject);isiTime:1.82403;emsCurrent:12;emsWidth:200;pulseCount:14
444.633328377428	0	222314	vibroFeedback:off	vibroFeedback:off;vibroFeedbackDuration:0.1010019
447.023367769686	0	223509	Markers	visualFeedback:off
448.519392426932	0	224257	box:spawned	box:spawned;condition:vibro;trial_nr:88;normal_or_conflict:conflict;cube:CubeMiddle (UnityEngine.GameObject);isiTime:1.489738
449.133402546952	0	224564	box:touched	box:touched;condition:vibro;vibroFeedback:on;reaction_time:0.6034899;trial_nr:88;normal_or_conflict:conflict;cube:CubeMiddle (UnityEngine.GameObject);isiTime:1.489738;vibro_duration:0.1
449.13740261288	0	224566	box:touched	box:touched;condition:vibro;emsFeedback:on;reaction_time:0.6034899;trial_nr:88;normal_or_conflict:conflict;cube:CubeMiddle (UnityEngine.GameObject);isiTime:1.489738;emsCurrent:12;emsWidth:200;pulseCount:14
449.233404195163	0	224614	vibroFeedback:off	vibroFeedback:off;vibroFeedbackDuration:0.1005207
451.625443620385	0	225810	Markers	visualFeedback:off
452.875464223031	0	226435	box:spawned	box:spawned;condition:vibro;trial_nr:89;normal_or_conflict:normal;cube:CubeMiddle (UnityEngine.GameObject);isiTime:1.243105
453.633476716475	0	226814	box:touched	box:touched;condition:vibro;vibroFeedback:on;reaction_time:0.7483439;trial_nr:89;normal_or_conflict:normal;cube:CubeMiddle (UnityEngine.GameObject);isiTime:1.243105;vibro_duration:0.1
453.639476815367	0	226817	box:touched	box:touched;condition:vibro;emsFeedback:on;reaction_time:0.7483439;trial_nr:89;normal_or_conflict:normal;cube:CubeMiddle (UnityEngine.GameObject);isiTime:1.243105;emsCurrent:12;emsWidth:200;pulseCount:14
453.735478397651	0	226865	vibroFeedback:off	vibroFeedback:off;vibroFeedbackDuration:0.1034651
456.127517822873	0	228061	Markers	visualFeedback:off
457.197535458737	0	228596	box:spawned	box:spawned;condition:vibro;trial_nr:90;normal_or_conflict:normal;cube:CubeRight (UnityEngine.GameObject);isiTime:1.070659
457.877546666576	0	228936	box:touched	box:touched;condition:vibro;vibroFeedback:on;reaction_time:0.6702566;trial_nr:90;normal_or_conflict:normal;cube:CubeRight (UnityEngine.GameObject);isiTime:1.070659;vibro_duration:0.1
457.883546765469	0	228939	box:touched	box:touched;condition:vibro;emsFeedback:on;reaction_time:0.6702566;trial_nr:90;normal_or_conflict:normal;cube:CubeRight (UnityEngine.GameObject);isiTime:1.070659;emsCurrent:12;emsWidth:200;pulseCount:14
457.981548380716	0	228988	vibroFeedback:off	vibroFeedback:off;vibroFeedbackDuration:0.1007692
460.36958774001	0	230182	Markers	visualFeedback:off
462.157617210034	0	231076	box:spawned	box:spawned;condition:vibro;trial_nr:91;normal_or_conflict:conflict;cube:CubeMiddle (UnityEngine.GameObject);isiTime:1.780118
462.725626571876	0	231360	box:touched	box:touched;condition:vibro;vibroFeedback:on;reaction_time:0.5587699;trial_nr:91;normal_or_conflict:conflict;cube:CubeMiddle (UnityEngine.GameObject);isiTime:1.780118;vibro_duration:0.1
462.731626670769	0	231363	box:touched	box:touched;condition:vibro;emsFeedback:on;reaction_time:0.5587699;trial_nr:91;normal_or_conflict:conflict;cube:CubeMiddle (UnityEngine.GameObject);isiTime:1.780118;emsCurrent:12;emsWidth:200;pulseCount:14
462.827628253052	0	231411	vibroFeedback:off	vibroFeedback:off;vibroFeedbackDuration:0.1001343
465.21766764531	0	232606	Markers	visualFeedback:off
466.981696719763	0	233488	box:spawned	box:spawned;condition:vibro;trial_nr:92;normal_or_conflict:normal;cube:CubeLeft (UnityEngine.GameObject);isiTime:1.757778
467.707708685779	0	233851	box:touched	box:touched;condition:vibro;vibroFeedback:on;reaction_time:0.7149026;trial_nr:92;normal_or_conflict:normal;cube:CubeLeft (UnityEngine.GameObject);isiTime:1.757778;vibro_duration:0.1
467.711708751708	0	233853	box:touched	box:touched;condition:vibro;emsFeedback:on;reaction_time:0.7149026;trial_nr:92;normal_or_conflict:normal;cube:CubeLeft (UnityEngine.GameObject);isiTime:1.757778;emsCurrent:12;emsWidth:200;pulseCount:14
467.809710366955	0	233902	vibroFeedback:off	vibroFeedback:off;vibroFeedbackDuration:0.1016075
470.199749759213	0	235097	Markers	visualFeedback:off
471.605772933068	0	235800	box:spawned	box:spawned;condition:vibro;trial_nr:93;normal_or_conflict:normal;cube:CubeLeft (UnityEngine.GameObject);isiTime:1.403828
472.465787107688	0	236230	box:touched	box:touched;condition:vibro;vibroFeedback:on;reaction_time:0.8504632;trial_nr:93;normal_or_conflict:normal;cube:CubeLeft (UnityEngine.GameObject);isiTime:1.403828;vibro_duration:0.1
472.469787173617	0	236232	box:touched	box:touched;condition:vibro;emsFeedback:on;reaction_time:0.8504632;trial_nr:93;normal_or_conflict:normal;cube:CubeLeft (UnityEngine.GameObject);isiTime:1.403828;emsCurrent:12;emsWidth:200;pulseCount:14
472.581789019614	0	236288	vibroFeedback:off	vibroFeedback:off;vibroFeedbackDuration:0.1144822
474.957828181122	0	237476	Markers	visualFeedback:off
476.139847662984	0	238067	box:spawned	box:spawned;condition:vibro;trial_nr:94;normal_or_conflict:normal;cube:CubeMiddle (UnityEngine.GameObject);isiTime:1.177931
476.943860914605	0	238469	box:touched	box:touched;condition:vibro;vibroFeedback:on;reaction_time:0.7933626;trial_nr:94;normal_or_conflict:normal;cube:CubeMiddle (UnityEngine.GameObject);isiTime:1.177931;vibro_duration:0.1
476.949861013498	0	238472	box:touched	box:touched;condition:vibro;emsFeedback:on;reaction_time:0.7933626;trial_nr:94;normal_or_conflict:normal;cube:CubeMiddle (UnityEngine.GameObject);isiTime:1.177931;emsCurrent:12;emsWidth:200;pulseCount:14
477.045862595781	0	238520	vibroFeedback:off	vibroFeedback:off;vibroFeedbackDuration:0.1004701
479.437902021003	0	239716	Markers	visualFeedback:off
481.055928689067	0	240525	box:spawned	box:spawned;condition:vibro;trial_nr:95;normal_or_conflict:normal;cube:CubeMiddle (UnityEngine.GameObject);isiTime:1.612456
481.86994210551	0	240932	box:touched	box:touched;condition:vibro;vibroFeedback:on;reaction_time:0.8051388;trial_nr:95;normal_or_conflict:normal;cube:CubeMiddle (UnityEngine.GameObject);isiTime:1.612456;vibro_duration:0.1
481.873942171438	0	240934	box:touched	box:touched;condition:vibro;emsFeedback:on;reaction_time:0.8051388;trial_nr:95;normal_or_conflict:normal;cube:CubeMiddle (UnityEngine.GameObject);isiTime:1.612456;emsCurrent:12;emsWidth:200;pulseCount:14
481.97394381965	0	240984	vibroFeedback:off	vibroFeedback:off;vibroFeedbackDuration:0.1027761
484.361983178943	0	242178	Markers	visualFeedback:off
485.992010044793	0	242993	box:spawned	box:spawned;condition:vibro;trial_nr:96;normal_or_conflict:conflict;cube:CubeLeft (UnityEngine.GameObject);isiTime:1.629352
486.596019999991	0	243295	box:touched	box:touched;condition:vibro;vibroFeedback:on;reaction_time:0.5922372;trial_nr:96;normal_or_conflict:conflict;cube:CubeLeft (UnityEngine.GameObject);isiTime:1.629352;vibro_duration:0.1
486.60002006592	0	243297	box:touched	box:touched;condition:vibro;emsFeedback:on;reaction_time:0.5922372;trial_nr:96;normal_or_conflict:conflict;cube:CubeLeft (UnityEngine.GameObject);isiTime:1.629352;emsCurrent:12;emsWidth:200;pulseCount:14
486.698021681167	0	243346	vibroFeedback:off	vibroFeedback:off;vibroFeedbackDuration:0.1013029
489.086061040461	0	244540	Markers	visualFeedback:off
490.170078907075	0	245082	box:spawned	box:spawned;condition:vibro;trial_nr:97;normal_or_conflict:normal;cube:CubeLeft (UnityEngine.GameObject);isiTime:1.074071
490.974092158696	0	245484	box:touched	box:touched;condition:vibro;vibroFeedback:on;reaction_time:0.7933149;trial_nr:97;normal_or_conflict:normal;cube:CubeLeft (UnityEngine.GameObject);isiTime:1.074071;vibro_duration:0.1
490.978092224625	0	245486	box:touched	box:touched;condition:vibro;emsFeedback:on;reaction_time:0.7933149;trial_nr:97;normal_or_conflict:normal;cube:CubeLeft (UnityEngine.GameObject);isiTime:1.074071;emsCurrent:12;emsWidth:200;pulseCount:14
491.074093806908	0	245534	vibroFeedback:off	vibroFeedback:off;vibroFeedbackDuration:0.1007514
493.46613323213	0	246730	Markers	visualFeedback:off
495.162161185799	0	247578	box:spawned	box:spawned;condition:vibro;trial_nr:98;normal_or_conflict:normal;cube:CubeMiddle (UnityEngine.GameObject);isiTime:1.692374
496.066176085632	0	248030	box:touched	box:touched;condition:vibro;vibroFeedback:on;reaction_time:0.893503;trial_nr:98;normal_or_conflict:normal;cube:CubeMiddle (UnityEngine.GameObject);isiTime:1.692374;vibro_duration:0.1
496.070176151561	0	248032	box:touched	box:touched;condition:vibro;emsFeedback:on;reaction_time:0.893503;trial_nr:98;normal_or_conflict:normal;cube:CubeMiddle (UnityEngine.GameObject);isiTime:1.692374;emsCurrent:12;emsWidth:200;pulseCount:14
496.168177766808	0	248081	vibroFeedback:off	vibroFeedback:off;vibroFeedbackDuration:0.1045558
498.558217159066	0	249276	Markers	visualFeedback:off
499.9542401681	0	249974	box:spawned	box:spawned;condition:vibro;trial_nr:99;normal_or_conflict:normal;cube:CubeMiddle (UnityEngine.GameObject);isiTime:1.392253
500.702252496723	0	250348	box:touched	box:touched;condition:vibro;vibroFeedback:on;reaction_time:0.7363732;trial_nr:99;normal_or_conflict:normal;cube:CubeMiddle (UnityEngine.GameObject);isiTime:1.392253;vibro_duration:0.1
500.706252562652	0	250350	box:touched	box:touched;condition:vibro;emsFeedback:on;reaction_time:0.7363732;trial_nr:99;normal_or_conflict:normal;cube:CubeMiddle (UnityEngine.GameObject);isiTime:1.392253;emsCurrent:12;emsWidth:200;pulseCount:14
500.804254177899	0	250399	vibroFeedback:off	vibroFeedback:off;vibroFeedbackDuration:0.1004915
503.192293537193	0	251593	Markers	visualFeedback:off
504.354312689412	0	252174	box:spawned	box:spawned;condition:vibro;trial_nr:100;normal_or_conflict:conflict;cube:CubeRight (UnityEngine.GameObject);isiTime:1.157476
504.912321886433	0	252453	box:touched	box:touched;condition:vibro;vibroFeedback:on;reaction_time:0.5483274;trial_nr:100;normal_or_conflict:conflict;cube:CubeRight (UnityEngine.GameObject);isiTime:1.157476;vibro_duration:0.1
504.916321952361	0	252455	box:touched	box:touched;condition:vibro;emsFeedback:on;reaction_time:0.5483274;trial_nr:100;normal_or_conflict:conflict;cube:CubeRight (UnityEngine.GameObject);isiTime:1.157476;emsCurrent:12;emsWidth:200;pulseCount:14
505.026323765394	0	252510	vibroFeedback:off	vibroFeedback:off;vibroFeedbackDuration:0.111044
544.824979720657	0	272409	block:start	block:start;currentBlockNr:1;condition:vibro;training:true
553.569123840282	0	276781	box:spawned	box:spawned;condition:vibro;trial_nr:1;normal_or_conflict:normal;cube:CubeLeft (UnityEngine.GameObject);isiTime:1.124506
554.795144047357	0	277394	box:touched	box:touched;condition:vibro;vibroFeedback:on;reaction_time:1.2173;trial_nr:1;normal_or_conflict:normal;cube:CubeLeft (UnityEngine.GameObject);isiTime:1.124506;vibro_duration:0.1
554.801144146249	0	277397	box:touched	box:touched;condition:vibro;emsFeedback:on;reaction_time:1.2173;trial_nr:1;normal_or_conflict:normal;cube:CubeLeft (UnityEngine.GameObject);isiTime:1.124506;emsCurrent:12;emsWidth:200;pulseCount:14
554.895145695568	0	277444	vibroFeedback:off	vibroFeedback:off;vibroFeedbackDuration:0.1005732
559.353219172843	0	279673	block:start	block:start;currentBlockNr:2;condition:vibro;training:true
559.355219205807	0	279674	Markers	visualFeedback:off
561.319251576683	0	280656	box:spawned	box:spawned;condition:vibro;trial_nr:101;normal_or_conflict:normal;cube:CubeMiddle (UnityEngine.GameObject);isiTime:1.954353
562.51327125633	0	281253	box:touched	box:touched;condition:vibro;vibroFeedback:on;reaction_time:1.183851;trial_nr:101;normal_or_conflict:normal;cube:CubeMiddle (UnityEngine.GameObject);isiTime:1.954353;vibro_duration:0.1
562.517271322258	0	281255	box:touched	box:touched;condition:vibro;emsFeedback:on;reaction_time:1.183851;trial_nr:101;normal_or_conflict:normal;cube:CubeMiddle (UnityEngine.GameObject);isiTime:1.954353;emsCurrent:12;emsWidth:200;pulseCount:14
562.61727297047	0	281305	vibroFeedback:off	vibroFeedback:off;vibroFeedbackDuration:0.1009426
566.023329108558	0	283008	block:start	block:start;currentBlockNr:3;condition:vibro;training:true
566.023329108558	0	283008	Markers	visualFeedback:off
571.495419298698	0	285744	box:spawned	box:spawned;condition:vibro;trial_nr:201;normal_or_conflict:normal;cube:CubeMiddle (UnityEngine.GameObject);isiTime:1.008163
572.319432879962	0	286156	box:touched	box:touched;condition:vibro;vibroFeedback:on;reaction_time:0.8159795;trial_nr:201;normal_or_conflict:normal;cube:CubeMiddle (UnityEngine.GameObject);isiTime:1.008163;vibro_duration:0.1
572.325432978855	0	286159	box:touched	box:touched;condition:vibro;emsFeedback:on;reaction_time:0.8159795;trial_nr:201;normal_or_conflict:normal;cube:CubeMiddle (UnityEngine.GameObject);isiTime:1.008163;emsCurrent:12;emsWidth:200;pulseCount:14
572.421434561138	0	286207	vibroFeedback:off	vibroFeedback:off;vibroFeedbackDuration:0.1006455
583.867623215441	0	291930	Markers	ipq_question_nr_1_answer:5
595.797819847088	0	297895	Markers	ipq_question_nr_2_answer:5
609.032037971415	0	304512	Markers	ipq_question_nr_3_answer:3
615.176139237537	0	307584	Markers	ipq_question_nr_4_answer:3
617.166172036948	0	308579	block:end	block:end;currentBlockNr:3;condition:vibro;training:true
